item_group,item_num,month,forecast
10209,BOM-R8-5,2019-10,22850
10209,BOM-R8-5,2019-11,22850
10209,BOM-R8-5,2019-12,22850
10209,BOM-R8-5,2020-01,22850
10209,BOM-R8-5,2020-02,22850
10209,BOM-R8-5,2020-03,22850
10210,BOM-R10-10BFNP,2019-10,117
10210,BOM-R10-10BFNP,2019-11,119
10210,BOM-R10-10BFNP,2019-12,1520
10210,BOM-R10-10BFNP,2020-01,121
10210,BOM-R10-10BFNP,2020-02,1522
10210,BOM-R10-10BFNP,2020-03,1522
11225,MTP-B6-6S,2019-10,16858
11225,MTP-B6-6S,2019-11,13979
11225,MTP-B6-6S,2019-12,13979
11225,MTP-B6-6S,2020-01,13979
11225,MTP-B6-6S,2020-02,13979
11225,MTP-B6-6S,2020-03,13979
11225,MTP-B8-10S,2019-10,52002
11225,MTP-B8-10S,2019-11,52002
11225,MTP-B8-10S,2019-12,52002
11225,MTP-B8-10S,2020-01,52002
11225,MTP-B8-10S,2020-02,52002
11225,MTP-B8-10S,2020-03,52002
11225,MTP-B8-6S,2019-10,2839
11225,MTP-B8-6S,2019-11,2093
11225,MTP-B8-6S,2019-12,2736
11225,MTP-B8-6S,2020-01,2683
11225,MTP-B8-6S,2020-02,22046
11225,MTP-B8-6S,2020-03,2665
11245,ABV-R12-10X,2019-10,131416
11245,ABV-R12-10X,2019-11,131416
11245,ABV-R12-10X,2019-12,131416
11245,ABV-R12-10X,2020-01,131416
11245,ABV-R12-10X,2020-02,131416
11245,ABV-R12-10X,2020-03,131416
11245,MGLP-R12-12,2019-10,38000
11245,MGLP-R12-12,2019-11,38000
11245,MGLP-R12-12,2019-12,38000
11245,MGLP-R12-12,2020-01,38000
11245,MGLP-R12-12,2020-02,38000
11245,MGLP-R12-12,2020-03,38000
11247,MBP-R10-10,2019-10,7646
11247,MBP-R10-10,2019-11,13213
11247,MBP-R10-10,2019-12,9440
11247,MBP-R10-10,2020-01,8820
11247,MBP-R10-10,2020-02,10493
11247,MBP-R10-10,2020-03,9986
11247,MBP-R10-5,2019-10,152560
11247,MBP-R10-5,2019-11,152560
11247,MBP-R10-5,2019-12,152560
11247,MBP-R10-5,2020-01,152560
11247,MBP-R10-5,2020-02,152560
11247,MBP-R10-5,2020-03,152560
11265,MGDR-R8-10,2019-10,4465
11265,MGDR-R8-10,2019-11,3895
11265,MGDR-R8-10,2019-12,2930
11265,MGDR-R8-10,2020-01,3004
11265,MGDR-R8-10,2020-02,6938
11265,MGDR-R8-10,2020-03,9036
11280,MGLP-R8-10,2019-10,167737
11280,MGLP-R8-10,2019-11,167737
11280,MGLP-R8-10,2019-12,167737
11280,MGLP-R8-10,2020-01,167737
11280,MGLP-R8-10,2020-02,167737
11280,MGLP-R8-10,2020-03,167737
11280,MGLP-R8-6,2019-10,390969
11280,MGLP-R8-6,2019-11,774487
11280,MGLP-R8-6,2019-12,907453
11280,MGLP-R8-6,2020-01,913881
11280,MGLP-R8-6,2020-02,1045942
11280,MGLP-R8-6,2020-03,2499991
11280,MGLP-R8-E,2019-10,566572
11280,MGLP-R8-E,2019-11,566572
11280,MGLP-R8-E,2019-12,566572
11280,MGLP-R8-E,2020-01,566572
11280,MGLP-R8-E,2020-02,566572
11280,MGLP-R8-E,2020-03,566572
11280,MGLT-R8-6,2019-10,2225
11280,MGLT-R8-6,2019-11,8850
11280,MGLT-R8-6,2019-12,6975
11280,MGLT-R8-6,2020-01,11795
11280,MGLT-R8-6,2020-02,10224
11280,MGLT-R8-6,2020-03,9238
11281,MGLP-R6-4,2019-10,872864
11281,MGLP-R6-4,2019-11,872864
11281,MGLP-R6-4,2019-12,872864
11281,MGLP-R6-4,2020-01,872864
11281,MGLP-R6-4,2020-02,872864
11281,MGLP-R6-4,2020-03,872864
11281,MGLP-R6-7,2019-10,66751
11281,MGLP-R6-7,2019-11,66751
11281,MGLP-R6-7,2019-12,66751
11281,MGLP-R6-7,2020-01,66751
11281,MGLP-R6-7,2020-02,66751
11281,MGLP-R6-7,2020-03,66751
11281,MGLP-R6-E,2019-10,358951
11281,MGLP-R6-E,2019-11,243485
11281,MGLP-R6-E,2019-12,244255
11281,MGLP-R6-E,2020-01,187088
11281,MGLP-R6-E,2020-02,265761
11281,MGLP-R6-E,2020-03,1343085
11281,MGLT-R6-4,2019-10,57472
11281,MGLT-R6-4,2019-11,97686
11281,MGLT-R6-4,2019-12,73395
11281,MGLT-R6-4,2020-01,58390
11281,MGLT-R6-4,2020-02,75388
11281,MGLT-R6-4,2020-03,65522
11281,MGLT-R6-E,2019-10,43827
11281,MGLT-R6-E,2019-11,43827
11281,MGLT-R6-E,2019-12,43827
11281,MGLT-R6-E,2020-01,43827
11281,MGLT-R6-E,2020-02,43827
11281,MGLT-R6-E,2020-03,43827
11282,MGL100-U8-8,2019-10,20678
11282,MGL100-U8-8,2019-11,26077
11282,MGL100-U8-8,2019-12,27810
11282,MGL100-U8-8,2020-01,17848
11282,MGL100-U8-8,2020-02,20832
11282,MGL100-U8-8,2020-03,19702
11282,MGLP-U8-10,2019-10,20995
11282,MGLP-U8-10,2019-11,20995
11282,MGLP-U8-10,2019-12,20995
11282,MGLP-U8-10,2020-01,20995
11282,MGLP-U8-10,2020-02,20995
11282,MGLP-U8-10,2020-03,20995
11282,MGLP-U8-6,2019-10,115940
11282,MGLP-U8-6,2019-11,115940
11282,MGLP-U8-6,2019-12,115940
11282,MGLP-U8-6,2020-01,115940
11282,MGLP-U8-6,2020-02,115940
11282,MGLP-U8-6,2020-03,115940
11282,MGLP-U8-7BN,2019-10,15898
11282,MGLP-U8-7BN,2019-11,4546
11282,MGLP-U8-7BN,2019-12,4798
11282,MGLP-U8-7BN,2020-01,8900
11282,MGLP-U8-7BN,2020-02,10489
11282,MGLP-U8-7BN,2020-03,14217
11282,MGLP-U8-E,2019-10,40132
11282,MGLP-U8-E,2019-11,40132
11282,MGLP-U8-E,2019-12,40132
11282,MGLP-U8-E,2020-01,40132
11282,MGLP-U8-E,2020-02,40132
11282,MGLP-U8-E,2020-03,40132
11283,MGLP-U6-4,2019-10,185006
11283,MGLP-U6-4,2019-11,167382
11283,MGLP-U6-4,2019-12,167373
11283,MGLP-U6-4,2020-01,231005
11283,MGLP-U6-4,2020-02,183769
11283,MGLP-U6-4,2020-03,408553
11283,MGLP-U6-7,2019-10,26918
11283,MGLP-U6-7,2019-11,23266
11283,MGLP-U6-7,2019-12,21970
11283,MGLP-U6-7,2020-01,23674
11283,MGLP-U6-7,2020-02,30456
11283,MGLP-U6-7,2020-03,21910
11283,MGLP-U6-E,2019-10,143132
11283,MGLP-U6-E,2019-11,143132
11283,MGLP-U6-E,2019-12,143132
11283,MGLP-U6-E,2020-01,143132
11283,MGLP-U6-E,2020-02,143132
11283,MGLP-U6-E,2020-03,143132
11283,MGLP-U6-E9,2019-10,67115
11283,MGLP-U6-E9,2019-11,72752
11283,MGLP-U6-E9,2019-12,57999
11283,MGLP-U6-E9,2020-01,65122
11283,MGLP-U6-E9,2020-02,56784
11283,MGLP-U6-E9,2020-03,80825
11284,MGL100-B8-8,2019-10,7974
11284,MGL100-B8-8,2019-11,31400
11284,MGL100-B8-8,2019-12,31400
11284,MGL100-B8-8,2020-01,31400
11284,MGL100-B8-8,2020-02,31400
11284,MGL100-B8-8,2020-03,31400
11284,MGLP-B8-6,2019-10,207282
11284,MGLP-B8-6,2019-11,207282
11284,MGLP-B8-6,2019-12,207282
11284,MGLP-B8-6,2020-01,207282
11284,MGLP-B8-6,2020-02,207282
11284,MGLP-B8-6,2020-03,207282
11284,MGLP-B8-E,2019-10,36877
11284,MGLP-B8-E,2019-11,32968
11284,MGLP-B8-E,2019-12,31148
11284,MGLP-B8-E,2020-01,34951
11284,MGLP-B8-E,2020-02,31262
11284,MGLP-B8-E,2020-03,36686
11285,MGL100-B6-6,2019-10,111874
11285,MGL100-B6-6,2019-11,134177
11285,MGL100-B6-6,2019-12,102480
11285,MGL100-B6-6,2020-01,111336
11285,MGL100-B6-6,2020-02,111081
11285,MGL100-B6-6,2020-03,109048
11285,MGLP-B6-4,2019-10,506823
11285,MGLP-B6-4,2019-11,376644
11285,MGLP-B6-4,2019-12,331834
11285,MGLP-B6-4,2020-01,563987
11285,MGLP-B6-4,2020-02,565619
11285,MGLP-B6-4,2020-03,411605
11285,MGLP-B6-7,2019-10,364000
11285,MGLP-B6-7,2019-11,364000
11285,MGLP-B6-7,2019-12,364000
11285,MGLP-B6-7,2020-01,364000
11285,MGLP-B6-7,2020-02,364000
11285,MGLP-B6-7,2020-03,364000
11285,MGLP-B6-E,2019-10,126217
11285,MGLP-B6-E,2019-11,162156
11285,MGLP-B6-E,2019-12,198094
11285,MGLP-B6-E,2020-01,234033
11285,MGLP-B6-E,2020-02,269972
11285,MGLP-B6-E,2020-03,305911
11286,HKLP-R8-10,2019-10,9827
11286,HKLP-R8-10,2019-11,-7750
11286,HKLP-R8-10,2019-12,-25327
11286,HKLP-R8-10,2020-01,-42904
11286,HKLP-R8-10,2020-02,-60481
11286,HKLP-R8-10,2020-03,-78058
11286,HKLP-R8-10U,2019-10,81325
11286,HKLP-R8-10U,2019-11,81325
11286,HKLP-R8-10U,2019-12,81325
11286,HKLP-R8-10U,2020-01,81325
11286,HKLP-R8-10U,2020-02,81325
11286,HKLP-R8-10U,2020-03,81325
11286,HKLP-R8-6,2019-10,144315
11286,HKLP-R8-6,2019-11,904791
11286,HKLP-R8-6,2019-12,135070
11286,HKLP-R8-6,2020-01,139262
11286,HKLP-R8-6,2020-02,345867
11286,HKLP-R8-6,2020-03,552242
11286,HKLP-R8-6S,2019-10,95498
11286,HKLP-R8-6S,2019-11,95498
11286,HKLP-R8-6S,2019-12,95498
11286,HKLP-R8-6S,2020-01,95498
11286,HKLP-R8-6S,2020-02,95498
11286,HKLP-R8-6S,2020-03,95498
11286,HKLP-R8-6U,2019-10,1020757
11286,HKLP-R8-6U,2019-11,1020757
11286,HKLP-R8-6U,2019-12,1020757
11286,HKLP-R8-6U,2020-01,1020757
11286,HKLP-R8-6U,2020-02,1020757
11286,HKLP-R8-6U,2020-03,1020757
11286,HKLP-R8-7A3,2019-10,84644
11286,HKLP-R8-7A3,2019-11,105649
11286,HKLP-R8-7A3,2019-12,95883
11286,HKLP-R8-7A3,2020-01,103321
11286,HKLP-R8-7A3,2020-02,57685
11286,HKLP-R8-7A3,2020-03,103745
11286,HKLP-R8-7BL,2019-10,185244
11286,HKLP-R8-7BL,2019-11,188137
11286,HKLP-R8-7BL,2019-12,192959
11286,HKLP-R8-7BL,2020-01,150524
11286,HKLP-R8-7BL,2020-02,188137
11286,HKLP-R8-7BL,2020-03,133646
11286,HKLT-R8-6,2019-10,2700153
11286,HKLT-R8-6,2019-11,1193806
11286,HKLT-R8-6,2019-12,1798313
11286,HKLT-R8-6,2020-01,2872806
11286,HKLT-R8-6,2020-02,1500895
11286,HKLT-R8-6,2020-03,2742050
11286,HKLT-R8-6BLTBL,2019-10,65708
11286,HKLT-R8-6BLTBL,2019-11,114174
11286,HKLT-R8-6BLTBL,2019-12,45713
11286,HKLT-R8-6BLTBL,2020-01,46484
11286,HKLT-R8-6BLTBL,2020-02,47879
11286,HKLT-R8-6BLTBL,2020-03,116316
11287,HKLP-R6-5U,2019-10,79899
11287,HKLP-R6-5U,2019-11,79899
11287,HKLP-R6-5U,2019-12,79899
11287,HKLP-R6-5U,2020-01,79899
11287,HKLP-R6-5U,2020-02,79899
11287,HKLP-R6-5U,2020-03,79899
11290,MBCP-R8-M3,2019-10,20869
11290,MBCP-R8-M3,2019-11,56062
11290,MBCP-R8-M3,2019-12,90420
11290,MBCP-R8-M3,2020-01,54330
11290,MBCP-R8-M3,2020-02,58987
11290,MBCP-R8-M3,2020-03,73145
11290,MBCP-R8-M4,2019-10,7923
11290,MBCP-R8-M4,2019-11,7923
11290,MBCP-R8-M4,2019-12,7923
11290,MBCP-R8-M4,2020-01,7923
11290,MBCP-R8-M4,2020-02,7923
11290,MBCP-R8-M4,2020-03,7923
11290,MBCP-R8-M5,2019-10,56497
11290,MBCP-R8-M5,2019-11,56497
11290,MBCP-R8-M5,2019-12,56497
11290,MBCP-R8-M5,2020-01,56497
11290,MBCP-R8-M5,2020-02,56497
11290,MBCP-R8-M5,2020-03,56497
11290,MBCP-R8-M6,2019-10,45335
11290,MBCP-R8-M6,2019-11,29728
11290,MBCP-R8-M6,2019-12,43251
11290,MBCP-R8-M6,2020-01,24294
11290,MBCP-R8-M6,2020-02,27901
11290,MBCP-R8-M6,2020-03,22402
11290,MBCP-R8-M7,2019-10,31905
11290,MBCP-R8-M7,2019-11,31905
11290,MBCP-R8-M7,2019-12,31905
11290,MBCP-R8-M7,2020-01,31905
11290,MBCP-R8-M7,2020-02,31905
11290,MBCP-R8-M7,2020-03,31905
11290,MBCP-R8-M9,2019-10,1995
11290,MBCP-R8-M9,2019-11,-128
11290,MBCP-R8-M9,2019-12,-307
11290,MBCP-R8-M9,2020-01,-428
11290,MBCP-R8-M9,2020-02,60
11290,MBCP-R8-M9,2020-03,-672
11290,MBP-R8-M10,2019-10,11318
11290,MBP-R8-M10,2019-11,12678
11290,MBP-R8-M10,2019-12,12628
11290,MBP-R8-M10,2020-01,13213
11290,MBP-R8-M10,2020-02,13148
11290,MBP-R8-M10,2020-03,13403
11290,MBP-R8-M11,2019-10,6503
11290,MBP-R8-M11,2019-11,6835
11290,MBP-R8-M11,2019-12,6867
11290,MBP-R8-M11,2020-01,7427
11290,MBP-R8-M11,2020-02,7504
11290,MBP-R8-M11,2020-03,9702
11290,MBP-R8-M4,2019-10,53450
11290,MBP-R8-M4,2019-11,52011
11290,MBP-R8-M4,2019-12,62599
11290,MBP-R8-M4,2020-01,53922
11290,MBP-R8-M4,2020-02,78150
11290,MBP-R8-M4,2020-03,78720
11290,MBP-R8-M5,2019-10,36360
11290,MBP-R8-M5,2019-11,40984
11290,MBP-R8-M5,2019-12,42899
11290,MBP-R8-M5,2020-01,43693
11290,MBP-R8-M5,2020-02,44021
11290,MBP-R8-M5,2020-03,44158
11290,MBP-R8-M6,2019-10,21600
11290,MBP-R8-M6,2019-11,21600
11290,MBP-R8-M6,2019-12,21600
11290,MBP-R8-M6,2020-01,21600
11290,MBP-R8-M6,2020-02,21600
11290,MBP-R8-M6,2020-03,21600
11290,MBP-R8-M7,2019-10,75142
11290,MBP-R8-M7,2019-11,93885
11290,MBP-R8-M7,2019-12,93885
11290,MBP-R8-M7,2020-01,93885
11290,MBP-R8-M7,2020-02,93885
11290,MBP-R8-M7,2020-03,93885
11290,MBV-R8-M13,2019-10,4357
11290,MBV-R8-M13,2019-11,8851
11290,MBV-R8-M13,2019-12,7214
11290,MBV-R8-M13,2020-01,6530
11290,MBV-R8-M13,2020-02,15312
11290,MBV-R8-M13,2020-03,17154
11290,MBV-R8-M9,2019-10,7006
11290,MBV-R8-M9,2019-11,7006
11290,MBV-R8-M9,2019-12,7006
11290,MBV-R8-M9,2020-01,7006
11290,MBV-R8-M9,2020-02,7006
11290,MBV-R8-M9,2020-03,7006
11291,MBP-R6-M4,2019-10,257155
11291,MBP-R6-M4,2019-11,115191
11291,MBP-R6-M4,2019-12,89537
11291,MBP-R6-M4,2020-01,98792
11291,MBP-R6-M4,2020-02,83988
11291,MBP-R6-M4,2020-03,112378
11291,MBP-R6-M5,2019-10,22079
11291,MBP-R6-M5,2019-11,31603
11291,MBP-R6-M5,2019-12,31603
11291,MBP-R6-M5,2020-01,31603
11291,MBP-R6-M5,2020-02,31603
11291,MBP-R6-M5,2020-03,31603
11291,MBP-R6-M6,2019-10,16799
11291,MBP-R6-M6,2019-11,16799
11291,MBP-R6-M6,2019-12,16799
11291,MBP-R6-M6,2020-01,16799
11291,MBP-R6-M6,2020-02,16799
11291,MBP-R6-M6,2020-03,16799
12100,C137LT-U8-5,2019-10,131205
12100,C137LT-U8-5,2019-11,131205
12100,C137LT-U8-5,2019-12,131205
12100,C137LT-U8-5,2020-01,131205
12100,C137LT-U8-5,2020-02,131205
12100,C137LT-U8-5,2020-03,131205
12100,C98LT-U6-3,2019-10,43227
12100,C98LT-U6-3,2019-11,54280
12100,C98LT-U6-3,2019-12,41755
12100,C98LT-U6-3,2020-01,58414
12100,C98LT-U6-3,2020-02,49267
12100,C98LT-U6-3,2020-03,50117
12120,C137LT-U8-9BR,2019-10,16200
12120,C137LT-U8-9BR,2019-11,16200
12120,C137LT-U8-9BR,2019-12,16200
12120,C137LT-U8-9BR,2020-01,16200
12120,C137LT-U8-9BR,2020-02,16200
12120,C137LT-U8-9BR,2020-03,16200
12120,C98LT-U6-10BR,2019-10,56676
12120,C98LT-U6-10BR,2019-11,56676
12120,C98LT-U6-10BR,2019-12,56676
12120,C98LT-U6-10BR,2020-01,56676
12120,C98LT-U6-10BR,2020-02,56676
12120,C98LT-U6-10BR,2020-03,56676
12120,C98LT-U6-12BR,2019-10,14794
12120,C98LT-U6-12BR,2019-11,4263
12120,C98LT-U6-12BR,2019-12,17920
12120,C98LT-U6-12BR,2020-01,11453
12120,C98LT-U6-12BR,2020-02,7032
12120,C98LT-U6-12BR,2020-03,8974
12120,C98LT-U6-3BR,2019-10,44660
12120,C98LT-U6-3BR,2019-11,44660
12120,C98LT-U6-3BR,2019-12,44660
12120,C98LT-U6-3BR,2020-01,44660
12120,C98LT-U6-3BR,2020-02,44660
12120,C98LT-U6-3BR,2020-03,44660
12120,C98LT-U6-4BR,2019-10,48518
12120,C98LT-U6-4BR,2019-11,37066
12120,C98LT-U6-4BR,2019-12,77945
12120,C98LT-U6-4BR,2020-01,78829
12120,C98LT-U6-4BR,2020-02,67968
12120,C98LT-U6-4BR,2020-03,49435
12120,C98LT-U6-5BR,2019-10,127126
12120,C98LT-U6-5BR,2019-11,127126
12120,C98LT-U6-5BR,2019-12,127126
12120,C98LT-U6-5BR,2020-01,127126
12120,C98LT-U6-5BR,2020-02,127126
12120,C98LT-U6-5BR,2020-03,127126
12120,C98LT-U6-6BR,2019-10,45307
12120,C98LT-U6-6BR,2019-11,45307
12120,C98LT-U6-6BR,2019-12,45307
12120,C98LT-U6-6BR,2020-01,45307
12120,C98LT-U6-6BR,2020-02,45307
12120,C98LT-U6-6BR,2020-03,45307
12120,C98LT-U6-7BR,2019-10,41476
12120,C98LT-U6-7BR,2019-11,41476
12120,C98LT-U6-7BR,2019-12,41476
12120,C98LT-U6-7BR,2020-01,41476
12120,C98LT-U6-7BR,2020-02,41476
12120,C98LT-U6-7BR,2020-03,41476
12120,C98LT-U6-9BR,2019-10,19771
12120,C98LT-U6-9BR,2019-11,19771
12120,C98LT-U6-9BR,2019-12,19771
12120,C98LT-U6-9BR,2020-01,19771
12120,C98LT-U6-9BR,2020-02,19771
12120,C98LT-U6-9BR,2020-03,19771
12200,C120LT-R8-12GP,2019-10,19755
12200,C120LT-R8-12GP,2019-11,15272
12200,C120LT-R8-12GP,2019-12,11974
12200,C120LT-R8-12GP,2020-01,18878
12200,C120LT-R8-12GP,2020-02,19193
12200,C120LT-R8-12GP,2020-03,7145
12200,C120LT-R8-12U,2019-10,71257
12200,C120LT-R8-12U,2019-11,71257
12200,C120LT-R8-12U,2019-12,71257
12200,C120LT-R8-12U,2020-01,71257
12200,C120LT-R8-12U,2020-02,71257
12200,C120LT-R8-12U,2020-03,71257
12200,C120LT-R8-8GP,2019-10,20366
12200,C120LT-R8-8GP,2019-11,22907
12200,C120LT-R8-8GP,2019-12,24177
12200,C120LT-R8-8GP,2020-01,41539
12200,C120LT-R8-8GP,2020-02,20366
12200,C120LT-R8-8GP,2020-03,25024
12200,C120LT-R8-9U,2019-10,34142
12200,C120LT-R8-9U,2019-11,34142
12200,C120LT-R8-9U,2019-12,34142
12200,C120LT-R8-9U,2020-01,34142
12200,C120LT-R8-9U,2020-02,34142
12200,C120LT-R8-9U,2020-03,34142
12200,C6L90-R8-8GA,2019-10,4223
12200,C6L90-R8-8GA,2019-11,4223
12200,C6L90-R8-8GA,2019-12,4223
12200,C6L90-R8-8GA,2020-01,4223
12200,C6L90-R8-8GA,2020-02,4223
12200,C6L90-R8-8GA,2020-03,4223
12200,C6LB-R8-4G,2019-10,34248
12200,C6LB-R8-4G,2019-11,45017
12200,C6LB-R8-4G,2019-12,52733
12200,C6LB-R8-4G,2020-01,30966
12200,C6LB-R8-4G,2020-02,51800
12200,C6LB-R8-4G,2020-03,48769
12200,C6LB-R8-5,2019-10,339200
12200,C6LB-R8-5,2019-11,339200
12200,C6LB-R8-5,2019-12,339200
12200,C6LB-R8-5,2020-01,339200
12200,C6LB-R8-5,2020-02,339200
12200,C6LB-R8-5,2020-03,339200
12200,C6LB-R8-7,2019-10,35480
12200,C6LB-R8-7,2019-11,38285
12200,C6LB-R8-7,2019-12,38971
12200,C6LB-R8-7,2020-01,39138
12200,C6LB-R8-7,2020-02,39179
12200,C6LB-R8-7,2020-03,39189
12200,C6LB-R8-7G,2019-10,10012
12200,C6LB-R8-7G,2019-11,10012
12200,C6LB-R8-7G,2019-12,10012
12200,C6LB-R8-7G,2020-01,10012
12200,C6LB-R8-7G,2020-02,10012
12200,C6LB-R8-7G,2020-03,10012
12210,C120L90-R10-10G,2019-10,12658
12210,C120L90-R10-10G,2019-11,14882
12210,C120L90-R10-10G,2019-12,15721
12210,C120L90-R10-10G,2020-01,19248
12210,C120L90-R10-10G,2020-02,28672
12210,C120L90-R10-10G,2020-03,18230
12210,C120L90-R10-6U,2019-10,26384
12210,C120L90-R10-6U,2019-11,35439
12210,C120L90-R10-6U,2019-12,27551
12210,C120L90-R10-6U,2020-01,44991
12210,C120L90-R10-6U,2020-02,45348
12210,C120L90-R10-6U,2020-03,37661
12210,C120LB-R10-2G,2019-10,6538
12210,C120LB-R10-2G,2019-11,6538
12210,C120LB-R10-2G,2019-12,6538
12210,C120LB-R10-2G,2020-01,6538
12210,C120LB-R10-2G,2020-02,6538
12210,C120LB-R10-2G,2020-03,6538
12210,C120LB-R12-12G,2019-10,7435
12210,C120LB-R12-12G,2019-11,5400
12210,C120LB-R12-12G,2019-12,4521
12210,C120LB-R12-12G,2020-01,4142
12210,C120LB-R12-12G,2020-02,3978
12210,C120LB-R12-12G,2020-03,3908
12210,C120LB-R12-6G,2019-10,5464
12210,C120LB-R12-6G,2019-11,6035
12210,C120LB-R12-6G,2019-12,6424
12210,C120LB-R12-6G,2020-01,7162
12210,C120LB-R12-6G,2020-02,7243
12210,C120LB-R12-6G,2020-03,8908
12210,C120LB-R12-8,2019-10,3269
12210,C120LB-R12-8,2019-11,3269
12210,C120LB-R12-8,2019-12,3269
12210,C120LB-R12-8,2020-01,3269
12210,C120LB-R12-8,2020-02,3269
12210,C120LB-R12-8,2020-03,3269
12210,C6LB-R12-8G,2019-10,23224
12210,C6LB-R12-8G,2019-11,24351
12210,C6LB-R12-8G,2019-12,24119
12210,C6LB-R12-8G,2020-01,27534
12210,C6LB-R12-8G,2020-02,27912
12210,C6LB-R12-8G,2020-03,34031
12210,C6LT-R10-8G,2019-10,19780
12210,C6LT-R10-8G,2019-11,8303
12210,C6LT-R10-8G,2019-12,20807
12210,C6LT-R10-8G,2020-01,15956
12210,C6LT-R10-8G,2020-02,19729
12210,C6LT-R10-8G,2020-03,23333
12300,MGP55-R6-10GP,2019-10,40014
12300,MGP55-R6-10GP,2019-11,24495
12300,MGP55-R6-10GP,2019-12,29834
12300,MGP55-R6-10GP,2020-01,20782
12300,MGP55-R6-10GP,2020-02,27322
12300,MGP55-R6-10GP,2020-03,56566
12300,MGP90-R6-10G,2019-10,255413
12300,MGP90-R6-10G,2019-11,227315
12300,MGP90-R6-10G,2019-12,188789
12300,MGP90-R6-10G,2020-01,300654
12300,MGP90-R6-10G,2020-02,195907
12300,MGP90-R6-10G,2020-03,208430
12300,MGP90-R6-10U,2019-10,42453
12300,MGP90-R6-10U,2019-11,52558
12300,MGP90-R6-10U,2019-12,44583
12300,MGP90-R6-10U,2020-01,53762
12300,MGP90-R6-10U,2020-02,49090
12300,MGP90-R6-10U,2020-03,53264
12300,MGP98T-R6-10BL,2019-10,55899
12300,MGP98T-R6-10BL,2019-11,55899
12300,MGP98T-R6-10BL,2019-12,55899
12300,MGP98T-R6-10BL,2020-01,55899
12300,MGP98T-R6-10BL,2020-02,55899
12300,MGP98T-R6-10BL,2020-03,55899
12300,MGP98T-R6-10G,2019-10,804683
12300,MGP98T-R6-10G,2019-11,804683
12300,MGP98T-R6-10G,2019-12,804683
12300,MGP98T-R6-10G,2020-01,804683
12300,MGP98T-R6-10G,2020-02,804683
12300,MGP98T-R6-10G,2020-03,804683
12300,MGP98T-R6-10GP,2019-10,3916931
12300,MGP98T-R6-10GP,2019-11,3916931
12300,MGP98T-R6-10GP,2019-12,3916931
12300,MGP98T-R6-10GP,2020-01,3916931
12300,MGP98T-R6-10GP,2020-02,3916931
12300,MGP98T-R6-10GP,2020-03,3916931
12300,MGP98T-R6-10U,2019-10,42408
12300,MGP98T-R6-10U,2019-11,42408
12300,MGP98T-R6-10U,2019-12,42408
12300,MGP98T-R6-10U,2020-01,42408
12300,MGP98T-R6-10U,2020-02,42408
12300,MGP98T-R6-10U,2020-03,42408
12300,MGP98T-R6-20G,2019-10,67867
12300,MGP98T-R6-20G,2019-11,67867
12300,MGP98T-R6-20G,2019-12,67867
12300,MGP98T-R6-20G,2020-01,67867
12300,MGP98T-R6-20G,2020-02,67867
12300,MGP98T-R6-20G,2020-03,67867
12300,MGP98T-R6-20U,2019-10,9921
12300,MGP98T-R6-20U,2019-11,11651
12300,MGP98T-R6-20U,2019-12,21590
12300,MGP98T-R6-20U,2020-01,11321
12300,MGP98T-R6-20U,2020-02,17275
12300,MGP98T-R6-20U,2020-03,13656
12300,MGPB-R6-10G,2019-10,89322
12300,MGPB-R6-10G,2019-11,89322
12300,MGPB-R6-10G,2019-12,89322
12300,MGPB-R6-10G,2020-01,89322
12300,MGPB-R6-10G,2020-02,89322
12300,MGPB-R6-10G,2020-03,89322
12310,MGP66-R8-10GP,2019-10,8883
12310,MGP66-R8-10GP,2019-11,5630
12310,MGP66-R8-10GP,2019-12,7663
12310,MGP66-R8-10GP,2020-01,22737
12310,MGP66-R8-10GP,2020-02,12451
12310,MGP66-R8-10GP,2020-03,8130
12310,MGP90-R8-10G,2019-10,21079
12310,MGP90-R8-10G,2019-11,21079
12310,MGP90-R8-10G,2019-12,21079
12310,MGP90-R8-10G,2020-01,21079
12310,MGP90-R8-10G,2020-02,21079
12310,MGP90-R8-10G,2020-03,21079
12310,MGPB-R8-10BL,2019-10,118571
12310,MGPB-R8-10BL,2019-11,118571
12310,MGPB-R8-10BL,2019-12,118571
12310,MGPB-R8-10BL,2020-01,118571
12310,MGPB-R8-10BL,2020-02,118571
12310,MGPB-R8-10BL,2020-03,118571
12310,MGPB-R8-10G,2019-10,735811
12310,MGPB-R8-10G,2019-11,735811
12310,MGPB-R8-10G,2019-12,735811
12310,MGPB-R8-10G,2020-01,735811
12310,MGPB-R8-10G,2020-02,735811
12310,MGPB-R8-10G,2020-03,735811
12310,MGPB-R8-10GP,2019-10,1022845
12310,MGPB-R8-10GP,2019-11,1022845
12310,MGPB-R8-10GP,2019-12,1022845
12310,MGPB-R8-10GP,2020-01,1022845
12310,MGPB-R8-10GP,2020-02,1022845
12310,MGPB-R8-10GP,2020-03,1022845
12310,MGPB-R8-20G,2019-10,55783
12310,MGPB-R8-20G,2019-11,38948
12310,MGPB-R8-20G,2019-12,33994
12310,MGPB-R8-20G,2020-01,32537
12310,MGPB-R8-20G,2020-02,32108
12310,MGPB-R8-20G,2020-03,31982
12310,MGPB-R8-20GP,2019-10,232294
12310,MGPB-R8-20GP,2019-11,232294
12310,MGPB-R8-20GP,2019-12,232294
12310,MGPB-R8-20GP,2020-01,232294
12310,MGPB-R8-20GP,2020-02,232294
12310,MGPB-R8-20GP,2020-03,232294
12310,MGPT-R8-10G,2019-10,848387
12310,MGPT-R8-10G,2019-11,665658
12310,MGPT-R8-10G,2019-12,701166
12310,MGPT-R8-10G,2020-01,773631
12310,MGPT-R8-10G,2020-02,641681
12310,MGPT-R8-10G,2020-03,880301
12310,MGPT-R8-20G,2019-10,249547
12310,MGPT-R8-20G,2019-11,249547
12310,MGPT-R8-20G,2019-12,249547
12310,MGPT-R8-20G,2020-01,249547
12310,MGPT-R8-20G,2020-02,249547
12310,MGPT-R8-20G,2020-03,249547
12320,MGPT-R10-12G,2019-10,50500
12320,MGPT-R10-12G,2019-11,50500
12320,MGPT-R10-12G,2019-12,50500
12320,MGPT-R10-12G,2020-01,50500
12320,MGPT-R10-12G,2020-02,50500
12320,MGPT-R10-12G,2020-03,50500
12320,MGPT-R12-14G,2019-10,13452
12320,MGPT-R12-14G,2019-11,13452
12320,MGPT-R12-14G,2019-12,13452
12320,MGPT-R12-14G,2020-01,13452
12320,MGPT-R12-14G,2020-02,13452
12320,MGPT-R12-14G,2020-03,13452
12330,MGP90-E8-20,2019-10,2380
12330,MGP90-E8-20,2019-11,3170
12330,MGP90-E8-20,2019-12,3189
12330,MGP90-E8-20,2020-01,2473
12330,MGP90-E8-20,2020-02,4673
12330,MGP90-E8-20,2020-03,2165
12330,MGP98T-E6-10,2019-10,197522
12330,MGP98T-E6-10,2019-11,160421
12330,MGP98T-E6-10,2019-12,286248
12330,MGP98T-E6-10,2020-01,150026
12330,MGP98T-E6-10,2020-02,172790
12330,MGP98T-E6-10,2020-03,265494
12330,MGP98T-E6-20,2019-10,28253
12330,MGP98T-E6-20,2019-11,28253
12330,MGP98T-E6-20,2019-12,28253
12330,MGP98T-E6-20,2020-01,28253
12330,MGP98T-E6-20,2020-02,28253
12330,MGP98T-E6-20,2020-03,28253
12330,MGPB-E6-10AS,2019-10,15272
12330,MGPB-E6-10AS,2019-11,18166
12330,MGPB-E6-10AS,2019-12,18187
12330,MGPB-E6-10AS,2020-01,14836
12330,MGPB-E6-10AS,2020-02,12916
12330,MGPB-E6-10AS,2020-03,18413
12330,MGPT-E8-10,2019-10,20832
12330,MGPT-E8-10,2019-11,99004
12330,MGPT-E8-10,2019-12,20279
12330,MGPT-E8-10,2020-01,49569
12330,MGPT-E8-10,2020-02,68797
12330,MGPT-E8-10,2020-03,84288
12352,MGPTC-R8-20G,2019-10,15207
12352,MGPTC-R8-20G,2019-11,15207
12352,MGPTC-R8-20G,2019-12,15207
12352,MGPTC-R8-20G,2020-01,15207
12352,MGPTC-R8-20G,2020-02,15207
12352,MGPTC-R8-20G,2020-03,15207
12353,MGP98T-R6-10GS1,2019-10,171007
12353,MGP98T-R6-10GS1,2019-11,171007
12353,MGP98T-R6-10GS1,2019-12,171007
12353,MGP98T-R6-10GS1,2020-01,171007
12353,MGP98T-R6-10GS1,2020-02,171007
12353,MGP98T-R6-10GS1,2020-03,171007
12353,MGPB-R6-10GS,2019-10,5277
12353,MGPB-R6-10GS,2019-11,5277
12353,MGPB-R6-10GS,2019-12,5277
12353,MGPB-R6-10GS,2020-01,5277
12353,MGPB-R6-10GS,2020-02,5277
12353,MGPB-R6-10GS,2020-03,5277
12353,MGPB-R8-10GS1,2019-10,112281
12353,MGPB-R8-10GS1,2019-11,112281
12353,MGPB-R8-10GS1,2019-12,112281
12353,MGPB-R8-10GS1,2020-01,112281
12353,MGPB-R8-10GS1,2020-02,112281
12353,MGPB-R8-10GS1,2020-03,112281
12353,MGPB-R8-20GS1,2019-10,11477
12353,MGPB-R8-20GS1,2019-11,13929
12353,MGPB-R8-20GS1,2019-12,13929
12353,MGPB-R8-20GS1,2020-01,13929
12353,MGPB-R8-20GS1,2020-02,13929
12353,MGPB-R8-20GS1,2020-03,13929
12354,3LC-2R8GL,2019-10,430771
12354,3LC-2R8GL,2019-11,467247
12354,3LC-2R8GL,2019-12,258140
12354,3LC-2R8GL,2020-01,475080
12354,3LC-2R8GL,2020-02,458476
12354,3LC-2R8GL,2020-03,587885
12354,3LC120-2R8GL,2019-10,8784
12354,3LC120-2R8GL,2019-11,19384
12354,3LC120-2R8GL,2019-12,24028
12354,3LC120-2R8GL,2020-01,30404
12354,3LC120-2R8GL,2020-02,11352
12354,3LC120-2R8GL,2020-03,15948
12354,3LCW-2R10GL,2019-10,9816
12354,3LCW-2R10GL,2019-11,9816
12354,3LCW-2R10GL,2019-12,9816
12354,3LCW-2R10GL,2020-01,9816
12354,3LCW-2R10GL,2020-02,9816
12354,3LCW-2R10GL,2020-03,9816
12354,3LCW120-2R8GAL,2019-10,123806
12354,3LCW120-2R8GAL,2019-11,123806
12354,3LCW120-2R8GAL,2019-12,123806
12354,3LCW120-2R8GAL,2020-01,123806
12354,3LCW120-2R8GAL,2020-02,123806
12354,3LCW120-2R8GAL,2020-03,123806
12354,MGC-R12UL,2019-10,30783
12354,MGC-R12UL,2019-11,16197
12354,MGC-R12UL,2019-12,24110
12354,MGC-R12UL,2020-01,24899
12354,MGC-R12UL,2020-02,25375
12354,MGC-R12UL,2020-03,32436
12354,MGC-R6UL,2019-10,1267661
12354,MGC-R6UL,2019-11,1267661
12354,MGC-R6UL,2019-12,1267661
12354,MGC-R6UL,2020-01,1267661
12354,MGC-R6UL,2020-02,1267661
12354,MGC-R6UL,2020-03,1267661
12354,MGC-R8UL,2019-10,138510
12354,MGC-R8UL,2019-11,138510
12354,MGC-R8UL,2019-12,138510
12354,MGC-R8UL,2020-01,138510
12354,MGC-R8UL,2020-02,138510
12354,MGC-R8UL,2020-03,138510
12354,MGCW-R6UL,2019-10,135947
12354,MGCW-R6UL,2019-11,135947
12354,MGCW-R6UL,2019-12,135947
12354,MGCW-R6UL,2020-01,135947
12354,MGCW-R6UL,2020-02,135947
12354,MGCW-R6UL,2020-03,135947
12354,MGCW-R8UL,2019-10,108237
12354,MGCW-R8UL,2019-11,112667
12354,MGCW-R8UL,2019-12,103746
12354,MGCW-R8UL,2020-01,117786
12354,MGCW-R8UL,2020-02,114120
12354,MGCW-R8UL,2020-03,122318
12363,MGP98T-E6-10S1,2019-10,145529
12363,MGP98T-E6-10S1,2019-11,145529
12363,MGP98T-E6-10S1,2019-12,145529
12363,MGP98T-E6-10S1,2020-01,145529
12363,MGP98T-E6-10S1,2020-02,145529
12363,MGP98T-E6-10S1,2020-03,145529
12500,3LC-2CU8,2019-10,361236
12500,3LC-2CU8,2019-11,369430
12500,3LC-2CU8,2019-12,373458
12500,3LC-2CU8,2020-01,456801
12500,3LC-2CU8,2020-02,443461
12500,3LC-2CU8,2020-03,312155
12510,2LC-R8G,2019-10,10734
12510,2LC-R8G,2019-11,29529
12510,2LC-R8G,2019-12,18077
12510,2LC-R8G,2020-01,6828
12510,2LC-R8G,2020-02,18617
12510,2LC-R8G,2020-03,27880
12510,3LC-2R6G,2019-10,65810
12510,3LC-2R6G,2019-11,67550
12510,3LC-2R6G,2019-12,110482
12510,3LC-2R6G,2020-01,33917
12510,3LC-2R6G,2020-02,98949
12510,3LC-2R6G,2020-03,55304
12510,3LC-2R8G,2019-10,-9266
12510,3LC-2R8G,2019-11,164108
12510,3LC-2R8G,2019-12,1874
12510,3LC-2R8G,2020-01,201140
12510,3LC-2R8G,2020-02,101979
12510,3LC-2R8G,2020-03,7580
12520,3LC-2R12G,2019-10,35846
12520,3LC-2R12G,2019-11,25054
12520,3LC-2R12G,2019-12,37662
12520,3LC-2R12G,2020-01,23331
12520,3LC-2R12G,2020-02,33001
12520,3LC-2R12G,2020-03,23754
12520,3LC120-2R10G,2019-10,6516
12520,3LC120-2R10G,2019-11,6516
12520,3LC120-2R10G,2019-12,6516
12520,3LC120-2R10G,2020-01,6516
12520,3LC120-2R10G,2020-02,6516
12520,3LC120-2R10G,2020-03,6516
12520,3LC120-2R12G,2019-10,12312
12520,3LC120-2R12G,2019-11,12312
12520,3LC120-2R12G,2019-12,12312
12520,3LC120-2R12G,2020-01,12312
12520,3LC120-2R12G,2020-02,12312
12520,3LC120-2R12G,2020-03,12312
12600,MGC-R6U,2019-10,1611539
12600,MGC-R6U,2019-11,1611539
12600,MGC-R6U,2019-12,1611539
12600,MGC-R6U,2020-01,1611539
12600,MGC-R6U,2020-02,1611539
12600,MGC-R6U,2020-03,1611539
12600,MGCS-R6U,2019-10,1837711
12600,MGCS-R6U,2019-11,1688051
12600,MGCS-R6U,2019-12,1851442
12600,MGCS-R6U,2020-01,712521
12600,MGCS-R6U,2020-02,1663934
12600,MGCS-R6U,2020-03,1019589
12600,MGCW-R6G1,2019-10,269250
12600,MGCW-R6G1,2019-11,285632
12600,MGCW-R6G1,2019-12,302014
12600,MGCW-R6G1,2020-01,318396
12600,MGCW-R6G1,2020-02,334779
12600,MGCW-R6G1,2020-03,351161
12600,MGCW-R6U,2019-10,1512240
12600,MGCW-R6U,2019-11,1512240
12600,MGCW-R6U,2019-12,1512240
12600,MGCW-R6U,2020-01,1512240
12600,MGCW-R6U,2020-02,1512240
12600,MGCW-R6U,2020-03,1512240
12610,MGC-R8U,2019-10,2215946
12610,MGC-R8U,2019-11,2262467
12610,MGC-R8U,2019-12,2419318
12610,MGC-R8U,2020-01,2090268
12610,MGC-R8U,2020-02,1794606
12610,MGC-R8U,2020-03,2390043
12610,MGCS-R8U,2019-10,55354
12610,MGCS-R8U,2019-11,50093
12610,MGCS-R8U,2019-12,54622
12610,MGCS-R8U,2020-01,46345
12610,MGCS-R8U,2020-02,86429
12610,MGCS-R8U,2020-03,46287
12610,MGCW-R8U,2019-10,795569
12610,MGCW-R8U,2019-11,828203
12610,MGCW-R8U,2019-12,860836
12610,MGCW-R8U,2020-01,893469
12610,MGCW-R8U,2020-02,926102
12610,MGCW-R8U,2020-03,958736
12620,MGC-R10U,2019-10,51705
12620,MGC-R10U,2019-11,51705
12620,MGC-R10U,2019-12,51705
12620,MGC-R10U,2020-01,51705
12620,MGC-R10U,2020-02,51705
12620,MGC-R10U,2020-03,51705
12630,MGC-F6,2019-10,124091
12630,MGC-F6,2019-11,124091
12630,MGC-F6,2019-12,124091
12630,MGC-F6,2020-01,124091
12630,MGC-F6,2020-02,124091
12630,MGC-F6,2020-03,124091
12630,MGC-F8,2019-10,223332
12630,MGC-F8,2019-11,189977
12630,MGC-F8,2019-12,270148
12630,MGC-F8,2020-01,248939
12630,MGC-F8,2020-02,236603
12630,MGC-F8,2020-03,240874
12630,MGCW-F6,2019-10,422047
12630,MGCW-F6,2019-11,322008
12630,MGCW-F6,2019-12,280347
12630,MGCW-F6,2020-01,361991
12630,MGCW-F6,2020-02,240179
12630,MGCW-F6,2020-03,405896
12700,BT-R8-4GA,2019-10,-223483
12700,BT-R8-4GA,2019-11,-220634
12700,BT-R8-4GA,2019-12,-127469
12700,BT-R8-4GA,2020-01,-233834
12700,BT-R8-4GA,2020-02,-291904
12700,BT-R8-4GA,2020-03,-100892
12720,BTC-R8GAH,2019-10,321021
12720,BTC-R8GAH,2019-11,321021
12720,BTC-R8GAH,2019-12,321021
12720,BTC-R8GAH,2020-01,321021
12720,BTC-R8GAH,2020-02,321021
12720,BTC-R8GAH,2020-03,321021
14383,MBT-DT14-30,2019-10,1193
14383,MBT-DT14-30,2019-11,1546
14383,MBT-DT14-30,2019-12,2298
14383,MBT-DT14-30,2020-01,1842
14383,MBT-DT14-30,2020-02,1811
14383,MBT-DT14-30,2020-03,1624
14384,MBT-DT12-10NP,2019-10,17971
14384,MBT-DT12-10NP,2019-11,17971
14384,MBT-DT12-10NP,2019-12,17971
14384,MBT-DT12-10NP,2020-01,17971
14384,MBT-DT12-10NP,2020-02,17971
14384,MBT-DT12-10NP,2020-03,17971
14384,MBT-DT12-15NP,2019-10,83772
14384,MBT-DT12-15NP,2019-11,83772
14384,MBT-DT12-15NP,2019-12,83772
14384,MBT-DT12-15NP,2020-01,83772
14384,MBT-DT12-15NP,2020-02,83772
14384,MBT-DT12-15NP,2020-03,83772
14384,MBT-DT12-20NP,2019-10,24375
14384,MBT-DT12-20NP,2019-11,24375
14384,MBT-DT12-20NP,2019-12,24375
14384,MBT-DT12-20NP,2020-01,24375
14384,MBT-DT12-20NP,2020-02,24375
14384,MBT-DT12-20NP,2020-03,24375
14384,MBT-DT12-25NP,2019-10,15655
14384,MBT-DT12-25NP,2019-11,32322
14384,MBT-DT12-25NP,2019-12,36191
14384,MBT-DT12-25NP,2020-01,28082
14384,MBT-DT12-25NP,2020-02,29164
14384,MBT-DT12-25NP,2020-03,25973
14384,MBT-DT12-30NP,2019-10,9754
14384,MBT-DT12-30NP,2019-11,14445
14384,MBT-DT12-30NP,2019-12,18683
14384,MBT-DT12-30NP,2020-01,14201
14384,MBT-DT12-30NP,2020-02,8165
14384,MBT-DT12-30NP,2020-03,18984
14384,MBT-DT12-35NP,2019-10,8695
14384,MBT-DT12-35NP,2019-11,8695
14384,MBT-DT12-35NP,2019-12,8695
14384,MBT-DT12-35NP,2020-01,8695
14384,MBT-DT12-35NP,2020-02,8695
14384,MBT-DT12-35NP,2020-03,8695
14384,MBT-DT12-40NP,2019-10,3148
14384,MBT-DT12-40NP,2019-11,3398
14384,MBT-DT12-40NP,2019-12,5934
14384,MBT-DT12-40NP,2020-01,5246
14384,MBT-DT12-40NP,2020-02,3269
14384,MBT-DT12-40NP,2020-03,2694
14384,MBT-DT12-55NP,2019-10,3557
14384,MBT-DT12-55NP,2019-11,3877
14384,MBT-DT12-55NP,2019-12,4513
14384,MBT-DT12-55NP,2020-01,3418
14384,MBT-DT12-55NP,2020-02,3913
14384,MBT-DT12-55NP,2020-03,3190
14385,MBT-DT20-20NP,2019-10,8523
14385,MBT-DT20-20NP,2019-11,5394
14385,MBT-DT20-20NP,2019-12,3658
14385,MBT-DT20-20NP,2020-01,6374
14385,MBT-DT20-20NP,2020-02,4073
14385,MBT-DT20-20NP,2020-03,10126
14385,MBT-DT20-25NP,2019-10,4788
14385,MBT-DT20-25NP,2019-11,4890
14385,MBT-DT20-25NP,2019-12,4992
14385,MBT-DT20-25NP,2020-01,5094
14385,MBT-DT20-25NP,2020-02,5196
14385,MBT-DT20-25NP,2020-03,5298
14385,MBT-DT20-30NP,2019-10,6892
14385,MBT-DT20-30NP,2019-11,7006
14385,MBT-DT20-30NP,2019-12,7121
14385,MBT-DT20-30NP,2020-01,7235
14385,MBT-DT20-30NP,2020-02,7350
14385,MBT-DT20-30NP,2020-03,7464
14385,MBT-DT20-35NP,2019-10,2049
14385,MBT-DT20-35NP,2019-11,2049
14385,MBT-DT20-35NP,2019-12,2049
14385,MBT-DT20-35NP,2020-01,2049
14385,MBT-DT20-35NP,2020-02,2049
14385,MBT-DT20-35NP,2020-03,2049
14385,MBT-DT20-40NP,2019-10,775
14385,MBT-DT20-40NP,2019-11,855
14385,MBT-DT20-40NP,2019-12,549
14385,MBT-DT20-40NP,2020-01,1013
14385,MBT-DT20-40NP,2020-02,1119
14385,MBT-DT20-40NP,2020-03,1049
14386,MBT-DT16-105NP,2019-10,11812
14386,MBT-DT16-105NP,2019-11,6808
14386,MBT-DT16-105NP,2019-12,11813
14386,MBT-DT16-105NP,2020-01,15452
14386,MBT-DT16-105NP,2020-02,7651
14386,MBT-DT16-105NP,2020-03,15449
14386,MBT-DT16-145NP,2019-10,5506
14386,MBT-DT16-145NP,2019-11,5506
14386,MBT-DT16-145NP,2019-12,5506
14386,MBT-DT16-145NP,2020-01,5506
14386,MBT-DT16-145NP,2020-02,5506
14386,MBT-DT16-145NP,2020-03,5506
14386,MBT-DT16-155NP,2019-10,2085
14386,MBT-DT16-155NP,2019-11,7991
14386,MBT-DT16-155NP,2019-12,4655
14386,MBT-DT16-155NP,2020-01,4656
14386,MBT-DT16-155NP,2020-02,4656
14386,MBT-DT16-155NP,2020-03,6120
14386,MBT-DT16-15NP,2019-10,163133
14386,MBT-DT16-15NP,2019-11,163133
14386,MBT-DT16-15NP,2019-12,163133
14386,MBT-DT16-15NP,2020-01,163133
14386,MBT-DT16-15NP,2020-02,163133
14386,MBT-DT16-15NP,2020-03,163133
14386,MBT-DT16-20,2019-10,7533
14386,MBT-DT16-20,2019-11,8548
14386,MBT-DT16-20,2019-12,6157
14386,MBT-DT16-20,2020-01,6234
14386,MBT-DT16-20,2020-02,8852
14386,MBT-DT16-20,2020-03,7059
14386,MBT-DT16-20NP,2019-10,186054
14386,MBT-DT16-20NP,2019-11,186054
14386,MBT-DT16-20NP,2019-12,186054
14386,MBT-DT16-20NP,2020-01,186054
14386,MBT-DT16-20NP,2020-02,186054
14386,MBT-DT16-20NP,2020-03,186054
14386,MBT-DT16-25,2019-10,4105
14386,MBT-DT16-25,2019-11,3812
14386,MBT-DT16-25,2019-12,4283
14386,MBT-DT16-25,2020-01,6317
14386,MBT-DT16-25,2020-02,2566
14386,MBT-DT16-25,2020-03,6814
14386,MBT-DT16-25NP,2019-10,165793
14386,MBT-DT16-25NP,2019-11,165793
14386,MBT-DT16-25NP,2019-12,165793
14386,MBT-DT16-25NP,2020-01,165793
14386,MBT-DT16-25NP,2020-02,165793
14386,MBT-DT16-25NP,2020-03,165793
14386,MBT-DT16-30,2019-10,3780
14386,MBT-DT16-30,2019-11,3780
14386,MBT-DT16-30,2019-12,3780
14386,MBT-DT16-30,2020-01,3780
14386,MBT-DT16-30,2020-02,3780
14386,MBT-DT16-30,2020-03,3780
14386,MBT-DT16-30NP,2019-10,156555
14386,MBT-DT16-30NP,2019-11,156555
14386,MBT-DT16-30NP,2019-12,156555
14386,MBT-DT16-30NP,2020-01,156555
14386,MBT-DT16-30NP,2020-02,156555
14386,MBT-DT16-30NP,2020-03,156555
14386,MBT-DT16-35,2019-10,744
14386,MBT-DT16-35,2019-11,3459
14386,MBT-DT16-35,2019-12,3036
14386,MBT-DT16-35,2020-01,2714
14386,MBT-DT16-35,2020-02,4222
14386,MBT-DT16-35,2020-03,6658
14386,MBT-DT16-35NP,2019-10,43630
14386,MBT-DT16-35NP,2019-11,83037
14386,MBT-DT16-35NP,2019-12,78993
14386,MBT-DT16-35NP,2020-01,43222
14386,MBT-DT16-35NP,2020-02,57073
14386,MBT-DT16-35NP,2020-03,204302
14386,MBT-DT16-40,2019-10,2828
14386,MBT-DT16-40,2019-11,2828
14386,MBT-DT16-40,2019-12,2828
14386,MBT-DT16-40,2020-01,2828
14386,MBT-DT16-40,2020-02,2828
14386,MBT-DT16-40,2020-03,2828
14386,MBT-DT16-40NP,2019-10,33068
14386,MBT-DT16-40NP,2019-11,33068
14386,MBT-DT16-40NP,2019-12,33068
14386,MBT-DT16-40NP,2020-01,33068
14386,MBT-DT16-40NP,2020-02,33068
14386,MBT-DT16-40NP,2020-03,33068
14386,MBT-DT16-45NP,2019-10,32563
14386,MBT-DT16-45NP,2019-11,23974
14386,MBT-DT16-45NP,2019-12,26319
14386,MBT-DT16-45NP,2020-01,25678
14386,MBT-DT16-45NP,2020-02,25853
14386,MBT-DT16-45NP,2020-03,25805
14386,MBT-DT16-50,2019-10,975
14386,MBT-DT16-50,2019-11,1012
14386,MBT-DT16-50,2019-12,2840
14386,MBT-DT16-50,2020-01,3000
14386,MBT-DT16-50,2020-02,2498
14386,MBT-DT16-50,2020-03,1444
14386,MBT-DT16-50NP,2019-10,5951
14386,MBT-DT16-50NP,2019-11,9256
14386,MBT-DT16-50NP,2019-12,8001
14386,MBT-DT16-50NP,2020-01,10961
14386,MBT-DT16-50NP,2020-02,7519
14386,MBT-DT16-50NP,2020-03,12175
14386,MBT-DT16-55NP,2019-10,426
14386,MBT-DT16-55NP,2019-11,-425
14386,MBT-DT16-55NP,2019-12,731
14386,MBT-DT16-55NP,2020-01,2256
14386,MBT-DT16-55NP,2020-02,2142
14386,MBT-DT16-55NP,2020-03,329
14386,MBT-DT16-60NP,2019-10,7258
14386,MBT-DT16-60NP,2019-11,13133
14386,MBT-DT16-60NP,2019-12,11288
14386,MBT-DT16-60NP,2020-01,8695
14386,MBT-DT16-60NP,2020-02,9899
14386,MBT-DT16-60NP,2020-03,12613
14386,MBT-DT16-70NP,2019-10,7970
14386,MBT-DT16-70NP,2019-11,4779
14386,MBT-DT16-70NP,2019-12,8375
14386,MBT-DT16-70NP,2020-01,8231
14386,MBT-DT16-70NP,2020-02,6329
14386,MBT-DT16-70NP,2020-03,5530
14386,MBT-DT16-90NP,2019-10,7595
14386,MBT-DT16-90NP,2019-11,9619
14386,MBT-DT16-90NP,2019-12,6619
14386,MBT-DT16-90NP,2020-01,9617
14386,MBT-DT16-90NP,2020-02,6616
14386,MBT-DT16-90NP,2020-03,8339
14388,BTC8-R16BL,2019-10,110347
14388,BTC8-R16BL,2019-11,123692
14388,BTC8-R16BL,2019-12,160848
14388,BTC8-R16BL,2020-01,195125
14388,BTC8-R16BL,2020-02,130233
14388,BTC8-R16BL,2020-03,145410
14388,BTC8-R24BL,2019-10,313600
14388,BTC8-R24BL,2019-11,313600
14388,BTC8-R24BL,2019-12,313600
14388,BTC8-R24BL,2020-01,313600
14388,BTC8-R24BL,2020-02,313600
14388,BTC8-R24BL,2020-03,313600
14388,MBTC-R12BL,2019-10,121267
14388,MBTC-R12BL,2019-11,121267
14388,MBTC-R12BL,2019-12,121267
14388,MBTC-R12BL,2020-01,121267
14388,MBTC-R12BL,2020-02,121267
14388,MBTC-R12BL,2020-03,121267
14388,MBTC-R14BL,2019-10,651946
14388,MBTC-R14BL,2019-11,651946
14388,MBTC-R14BL,2019-12,651946
14388,MBTC-R14BL,2020-01,651946
14388,MBTC-R14BL,2020-02,651946
14388,MBTC-R14BL,2020-03,651946
14388,MBTC-R16BL,2019-10,1918914
14388,MBTC-R16BL,2019-11,1918914
14388,MBTC-R16BL,2019-12,1918914
14388,MBTC-R16BL,2020-01,1918914
14388,MBTC-R16BL,2020-02,1918914
14388,MBTC-R16BL,2020-03,1918914
14388,MBTC-R20BL,2019-10,42570
14388,MBTC-R20BL,2019-11,42303
14388,MBTC-R20BL,2019-12,42383
14388,MBTC-R20BL,2020-01,42359
14388,MBTC-R20BL,2020-02,42367
14388,MBTC-R20BL,2020-03,42364
14395,HP8F-DT20-12,2019-10,2816
14395,HP8F-DT20-12,2019-11,2816
14395,HP8F-DT20-12,2019-12,2816
14395,HP8F-DT20-12,2020-01,2816
14395,HP8F-DT20-12,2020-02,2816
14395,HP8F-DT20-12,2020-03,2816
14395,HP8F-DT20-16,2019-10,1314
14395,HP8F-DT20-16,2019-11,1314
14395,HP8F-DT20-16,2019-12,1314
14395,HP8F-DT20-16,2020-01,1314
14395,HP8F-DT20-16,2020-02,1314
14395,HP8F-DT20-16,2020-03,1314
14395,HP8F-DT20-2,2019-10,14920
14395,HP8F-DT20-2,2019-11,14920
14395,HP8F-DT20-2,2019-12,14920
14395,HP8F-DT20-2,2020-01,14920
14395,HP8F-DT20-2,2020-02,14920
14395,HP8F-DT20-2,2020-03,14920
14395,HP8F-DT20-20,2019-10,4330
14395,HP8F-DT20-20,2019-11,4330
14395,HP8F-DT20-20,2019-12,4330
14395,HP8F-DT20-20,2020-01,4330
14395,HP8F-DT20-20,2020-02,4330
14395,HP8F-DT20-20,2020-03,4330
14395,HP8F-DT20-28,2019-10,1598
14395,HP8F-DT20-28,2019-11,847
14395,HP8F-DT20-28,2019-12,1548
14395,HP8F-DT20-28,2020-01,720
14395,HP8F-DT20-28,2020-02,705
14395,HP8F-DT20-28,2020-03,777
14395,HP8F-DT20-36,2019-10,121
14395,HP8F-DT20-36,2019-11,316
14395,HP8F-DT20-36,2019-12,121
14395,HP8F-DT20-36,2020-01,121
14395,HP8F-DT20-36,2020-02,316
14395,HP8F-DT20-36,2020-03,205
14395,HP8F-DT20-8,2019-10,1704
14395,HP8F-DT20-8,2019-11,1082
14395,HP8F-DT20-8,2019-12,1091
14395,HP8F-DT20-8,2020-01,927
14395,HP8F-DT20-8,2020-02,1439
14395,HP8F-DT20-8,2020-03,937
14395,HP8F-DT20-M10,2019-10,229
14395,HP8F-DT20-M10,2019-11,229
14395,HP8F-DT20-M10,2019-12,229
14395,HP8F-DT20-M10,2020-01,229
14395,HP8F-DT20-M10,2020-02,229
14395,HP8F-DT20-M10,2020-03,229
14395,HP8F-DT20-M15,2019-10,743
14395,HP8F-DT20-M15,2019-11,743
14395,HP8F-DT20-M15,2019-12,743
14395,HP8F-DT20-M15,2020-01,743
14395,HP8F-DT20-M15,2020-02,743
14395,HP8F-DT20-M15,2020-03,743
14395,HP8F-DT20-M17,2019-10,2278
14395,HP8F-DT20-M17,2019-11,2278
14395,HP8F-DT20-M17,2019-12,2278
14395,HP8F-DT20-M17,2020-01,2278
14395,HP8F-DT20-M17,2020-02,2278
14395,HP8F-DT20-M17,2020-03,2278
14395,HP8F-DT24-28,2019-10,751
14395,HP8F-DT24-28,2019-11,751
14395,HP8F-DT24-28,2019-12,751
14395,HP8F-DT24-28,2020-01,751
14395,HP8F-DT24-28,2020-02,751
14395,HP8F-DT24-28,2020-03,751
14395,HP8F-DT24-36,2019-10,400
14395,HP8F-DT24-36,2019-11,400
14395,HP8F-DT24-36,2019-12,400
14395,HP8F-DT24-36,2020-01,400
14395,HP8F-DT24-36,2020-02,400
14395,HP8F-DT24-36,2020-03,400
14397,HPCF-R20U,2019-10,7453
14397,HPCF-R20U,2019-11,7453
14397,HPCF-R20U,2019-12,7453
14397,HPCF-R20U,2020-01,7453
14397,HPCF-R20U,2020-02,7453
14397,HPCF-R20U,2020-03,7453
14397,HPCF-R20UXL,2019-10,4485
14397,HPCF-R20UXL,2019-11,3599
14397,HPCF-R20UXL,2019-12,3855
14397,HPCF-R20UXL,2020-01,3781
14397,HPCF-R20UXL,2020-02,3803
14397,HPCF-R20UXL,2020-03,3796
14397,HPCF-R24U,2019-10,1037
14397,HPCF-R24U,2019-11,1037
14397,HPCF-R24U,2019-12,1037
14397,HPCF-R24U,2020-01,1037
14397,HPCF-R24U,2020-02,1037
14397,HPCF-R24U,2020-03,1037
14397,HPCF-R24UXL,2019-10,761
14397,HPCF-R24UXL,2019-11,761
14397,HPCF-R24UXL,2019-12,761
14397,HPCF-R24UXL,2020-01,761
14397,HPCF-R24UXL,2020-02,761
14397,HPCF-R24UXL,2020-03,761
14397,HSUBF-R24U,2019-10,26538
14397,HSUBF-R24U,2019-11,26538
14397,HSUBF-R24U,2019-12,26538
14397,HSUBF-R24U,2020-01,26538
14397,HSUBF-R24U,2020-02,26538
14397,HSUBF-R24U,2020-03,26538
14397,HSUBF-R28GA,2019-10,14071
14397,HSUBF-R28GA,2019-11,16407
14397,HSUBF-R28GA,2019-12,9775
14397,HSUBF-R28GA,2020-01,13832
14397,HSUBF-R28GA,2020-02,16604
14397,HSUBF-R28GA,2020-03,5589
14397,MHB-R16U,2019-10,14022
14397,MHB-R16U,2019-11,14022
14397,MHB-R16U,2019-12,14022
14397,MHB-R16U,2020-01,14022
14397,MHB-R16U,2020-02,14022
14397,MHB-R16U,2020-03,14022
14401,HS2P-DT16-10,2019-10,63303
14401,HS2P-DT16-10,2019-11,57713
14401,HS2P-DT16-10,2019-12,71687
14401,HS2P-DT16-10,2020-01,94044
14401,HS2P-DT16-10,2020-02,91249
14401,HS2P-DT16-10,2020-03,77276
14401,HS2P-DT16-12NP,2019-10,674
14401,HS2P-DT16-12NP,2019-11,3837
14401,HS2P-DT16-12NP,2019-12,2550
14401,HS2P-DT16-12NP,2020-01,3167
14401,HS2P-DT16-12NP,2020-02,2292
14401,HS2P-DT16-12NP,2020-03,1672
14401,HS2P-DT16-16,2019-10,52739
14401,HS2P-DT16-16,2019-11,11888
14401,HS2P-DT16-16,2019-12,18535
14401,HS2P-DT16-16,2020-01,13104
14401,HS2P-DT16-16,2020-02,18727
14401,HS2P-DT16-16,2020-03,26831
14401,HS2P-DT16-16NP,2019-10,5415
14401,HS2P-DT16-16NP,2019-11,5415
14401,HS2P-DT16-16NP,2019-12,5415
14401,HS2P-DT16-16NP,2020-01,5415
14401,HS2P-DT16-16NP,2020-02,5415
14401,HS2P-DT16-16NP,2020-03,5415
14401,HS2P-DT16-20,2019-10,5951
14401,HS2P-DT16-20,2019-11,5802
14401,HS2P-DT16-20,2019-12,5738
14401,HS2P-DT16-20,2020-01,5711
14401,HS2P-DT16-20,2020-02,5699
14401,HS2P-DT16-20,2020-03,5694
14401,HS2P-DT16-20NP,2019-10,3013
14401,HS2P-DT16-20NP,2019-11,2217
14401,HS2P-DT16-20NP,2019-12,2036
14401,HS2P-DT16-20NP,2020-01,3568
14401,HS2P-DT16-20NP,2020-02,2004
14401,HS2P-DT16-20NP,2020-03,3644
14401,HS2P-DT16-8NP,2019-10,40458
14401,HS2P-DT16-8NP,2019-11,40686
14401,HS2P-DT16-8NP,2019-12,40915
14401,HS2P-DT16-8NP,2020-01,41144
14401,HS2P-DT16-8NP,2020-02,41373
14401,HS2P-DT16-8NP,2020-03,41602
14403,HS2P-DT20-10,2019-10,14522
14403,HS2P-DT20-10,2019-11,14522
14403,HS2P-DT20-10,2019-12,14522
14403,HS2P-DT20-10,2020-01,14522
14403,HS2P-DT20-10,2020-02,14522
14403,HS2P-DT20-10,2020-03,14522
14403,HS2P-DT20-12NP,2019-10,428551
14403,HS2P-DT20-12NP,2019-11,428551
14403,HS2P-DT20-12NP,2019-12,428551
14403,HS2P-DT20-12NP,2020-01,428551
14403,HS2P-DT20-12NP,2020-02,428551
14403,HS2P-DT20-12NP,2020-03,428551
14403,HS2P-DT20-14NP,2019-10,11648
14403,HS2P-DT20-14NP,2019-11,11648
14403,HS2P-DT20-14NP,2019-12,11648
14403,HS2P-DT20-14NP,2020-01,11648
14403,HS2P-DT20-14NP,2020-02,11648
14403,HS2P-DT20-14NP,2020-03,11648
14403,HS2P-DT20-16D1,2019-10,17193
14403,HS2P-DT20-16D1,2019-11,17941
14403,HS2P-DT20-16D1,2019-12,33554
14403,HS2P-DT20-16D1,2020-01,21780
14403,HS2P-DT20-16D1,2020-02,27157
14403,HS2P-DT20-16D1,2020-03,36053
14403,HS2P-DT20-16NP,2019-10,160379
14403,HS2P-DT20-16NP,2019-11,160379
14403,HS2P-DT20-16NP,2019-12,160379
14403,HS2P-DT20-16NP,2020-01,160379
14403,HS2P-DT20-16NP,2020-02,160379
14403,HS2P-DT20-16NP,2020-03,160379
14403,HS2P-DT20-20D1,2019-10,6176
14403,HS2P-DT20-20D1,2019-11,6176
14403,HS2P-DT20-20D1,2019-12,6176
14403,HS2P-DT20-20D1,2020-01,6176
14403,HS2P-DT20-20D1,2020-02,6176
14403,HS2P-DT20-20D1,2020-03,6176
14403,HS2P-DT20-20NP,2019-10,136481
14403,HS2P-DT20-20NP,2019-11,136481
14403,HS2P-DT20-20NP,2019-12,136481
14403,HS2P-DT20-20NP,2020-01,136481
14403,HS2P-DT20-20NP,2020-02,136481
14403,HS2P-DT20-20NP,2020-03,136481
14403,HS2P-DT20-24D1,2019-10,2716
14403,HS2P-DT20-24D1,2019-11,1403
14403,HS2P-DT20-24D1,2019-12,1951
14403,HS2P-DT20-24D1,2020-01,3895
14403,HS2P-DT20-24D1,2020-02,3814
14403,HS2P-DT20-24D1,2020-03,3070
14403,HS2P-DT20-24NP,2019-10,102040
14403,HS2P-DT20-24NP,2019-11,102040
14403,HS2P-DT20-24NP,2019-12,102040
14403,HS2P-DT20-24NP,2020-01,102040
14403,HS2P-DT20-24NP,2020-02,102040
14403,HS2P-DT20-24NP,2020-03,102040
14403,HS2P-DT20-28D1,2019-10,2293
14403,HS2P-DT20-28D1,2019-11,2293
14403,HS2P-DT20-28D1,2019-12,2293
14403,HS2P-DT20-28D1,2020-01,2293
14403,HS2P-DT20-28D1,2020-02,2293
14403,HS2P-DT20-28D1,2020-03,2293
14403,HS2P-DT20-28NP,2019-10,27080
14403,HS2P-DT20-28NP,2019-11,27080
14403,HS2P-DT20-28NP,2019-12,27080
14403,HS2P-DT20-28NP,2020-01,27080
14403,HS2P-DT20-28NP,2020-02,27080
14403,HS2P-DT20-28NP,2020-03,27080
14403,HS2P-DT20-32NP,2019-10,3474
14403,HS2P-DT20-32NP,2019-11,3474
14403,HS2P-DT20-32NP,2019-12,3474
14403,HS2P-DT20-32NP,2020-01,3474
14403,HS2P-DT20-32NP,2020-02,3474
14403,HS2P-DT20-32NP,2020-03,3474
14403,HS2P-DT20-36NP,2019-10,10386
14403,HS2P-DT20-36NP,2019-11,8977
14403,HS2P-DT20-36NP,2019-12,8935
14403,HS2P-DT20-36NP,2020-01,12307
14403,HS2P-DT20-36NP,2020-02,11568
14403,HS2P-DT20-36NP,2020-03,14370
14403,HS2P-DT20-40D1,2019-10,1454
14403,HS2P-DT20-40D1,2019-11,1454
14403,HS2P-DT20-40D1,2019-12,1454
14403,HS2P-DT20-40D1,2020-01,1454
14403,HS2P-DT20-40D1,2020-02,1454
14403,HS2P-DT20-40D1,2020-03,1454
14403,HS2P-DT20-40NP,2019-10,1353
14403,HS2P-DT20-40NP,2019-11,1353
14403,HS2P-DT20-40NP,2019-12,1353
14403,HS2P-DT20-40NP,2020-01,1353
14403,HS2P-DT20-40NP,2020-02,1353
14403,HS2P-DT20-40NP,2020-03,1353
14403,HS2P-DT20-44NP,2019-10,597
14403,HS2P-DT20-44NP,2019-11,1555
14403,HS2P-DT20-44NP,2019-12,1044
14403,HS2P-DT20-44NP,2020-01,-70
14403,HS2P-DT20-44NP,2020-02,517
14403,HS2P-DT20-44NP,2020-03,-50
14403,HS2P-DT20-48D1,2019-10,2471
14403,HS2P-DT20-48D1,2019-11,3125
14403,HS2P-DT20-48D1,2019-12,3183
14403,HS2P-DT20-48D1,2020-01,3189
14403,HS2P-DT20-48D1,2020-02,3195
14403,HS2P-DT20-48D1,2020-03,3336
14403,HS2P-DT20-48NP,2019-10,569
14403,HS2P-DT20-48NP,2019-11,569
14403,HS2P-DT20-48NP,2019-12,569
14403,HS2P-DT20-48NP,2020-01,569
14403,HS2P-DT20-48NP,2020-02,569
14403,HS2P-DT20-48NP,2020-03,569
14403,HS2P-DT20-52NP,2019-10,505
14403,HS2P-DT20-52NP,2019-11,505
14403,HS2P-DT20-52NP,2019-12,505
14403,HS2P-DT20-52NP,2020-01,505
14403,HS2P-DT20-52NP,2020-02,505
14403,HS2P-DT20-52NP,2020-03,505
14403,HS2P-DT20-56NP,2019-10,15182
14403,HS2P-DT20-56NP,2019-11,15182
14403,HS2P-DT20-56NP,2019-12,15182
14403,HS2P-DT20-56NP,2020-01,15182
14403,HS2P-DT20-56NP,2020-02,15182
14403,HS2P-DT20-56NP,2020-03,15182
14403,HS2P-DT20-60NP,2019-10,469
14403,HS2P-DT20-60NP,2019-11,564
14403,HS2P-DT20-60NP,2019-12,888
14403,HS2P-DT20-60NP,2020-01,515
14403,HS2P-DT20-60NP,2020-02,798
14403,HS2P-DT20-60NP,2020-03,512
14403,HS2P-DT20-6NP,2019-10,6719
14403,HS2P-DT20-6NP,2019-11,9838
14403,HS2P-DT20-6NP,2019-12,9838
14403,HS2P-DT20-6NP,2020-01,9838
14403,HS2P-DT20-6NP,2020-02,9838
14403,HS2P-DT20-6NP,2020-03,9838
14403,HS2P-DT20-8NP,2019-10,201655
14403,HS2P-DT20-8NP,2019-11,257709
14403,HS2P-DT20-8NP,2019-12,275464
14403,HS2P-DT20-8NP,2020-01,281089
14403,HS2P-DT20-8NP,2020-02,282870
14403,HS2P-DT20-8NP,2020-03,283435
14405,HS2P-DT24-12NP,2019-10,53746
14405,HS2P-DT24-12NP,2019-11,53746
14405,HS2P-DT24-12NP,2019-12,53746
14405,HS2P-DT24-12NP,2020-01,53746
14405,HS2P-DT24-12NP,2020-02,53746
14405,HS2P-DT24-12NP,2020-03,53746
14405,HS2P-DT24-16NP,2019-10,10293
14405,HS2P-DT24-16NP,2019-11,10206
14405,HS2P-DT24-16NP,2019-12,12199
14405,HS2P-DT24-16NP,2020-01,16992
14405,HS2P-DT24-16NP,2020-02,13623
14405,HS2P-DT24-16NP,2020-03,21560
14405,HS2P-DT24-20NP,2019-10,22305
14405,HS2P-DT24-20NP,2019-11,22305
14405,HS2P-DT24-20NP,2019-12,22305
14405,HS2P-DT24-20NP,2020-01,22305
14405,HS2P-DT24-20NP,2020-02,22305
14405,HS2P-DT24-20NP,2020-03,22305
14405,HS2P-DT24-24NP,2019-10,17824
14405,HS2P-DT24-24NP,2019-11,17824
14405,HS2P-DT24-24NP,2019-12,17824
14405,HS2P-DT24-24NP,2020-01,17824
14405,HS2P-DT24-24NP,2020-02,17824
14405,HS2P-DT24-24NP,2020-03,17824
14405,HS2P-DT24-28NP,2019-10,88593
14405,HS2P-DT24-28NP,2019-11,127765
14405,HS2P-DT24-28NP,2019-12,106873
14405,HS2P-DT24-28NP,2020-01,119349
14405,HS2P-DT24-28NP,2020-02,93656
14405,HS2P-DT24-28NP,2020-03,109793
14405,HS2P-DT24-32NP,2019-10,8080
14405,HS2P-DT24-32NP,2019-11,7812
14405,HS2P-DT24-32NP,2019-12,10994
14405,HS2P-DT24-32NP,2020-01,8893
14405,HS2P-DT24-32NP,2020-02,8937
14405,HS2P-DT24-32NP,2020-03,9845
14405,HS2P-DT24-36NP,2019-10,119659
14405,HS2P-DT24-36NP,2019-11,195319
14405,HS2P-DT24-36NP,2019-12,195991
14405,HS2P-DT24-36NP,2020-01,180634
14405,HS2P-DT24-36NP,2020-02,217066
14405,HS2P-DT24-36NP,2020-03,134771
14405,HS2P-DT24-40NP,2019-10,7422
14405,HS2P-DT24-40NP,2019-11,7422
14405,HS2P-DT24-40NP,2019-12,7422
14405,HS2P-DT24-40NP,2020-01,7422
14405,HS2P-DT24-40NP,2020-02,7422
14405,HS2P-DT24-40NP,2020-03,7422
14405,HS2P-DT24-8NP,2019-10,5506
14405,HS2P-DT24-8NP,2019-11,5955
14405,HS2P-DT24-8NP,2019-12,6061
14405,HS2P-DT24-8NP,2020-01,6086
14405,HS2P-DT24-8NP,2020-02,6092
14405,HS2P-DT24-8NP,2020-03,6093
14407,MHS2P-DT14-10D1,2019-10,236489
14407,MHS2P-DT14-10D1,2019-11,244279
14407,MHS2P-DT14-10D1,2019-12,252069
14407,MHS2P-DT14-10D1,2020-01,259859
14407,MHS2P-DT14-10D1,2020-02,267649
14407,MHS2P-DT14-10D1,2020-03,275439
14407,MHS2P-DT14-15D1,2019-10,163162
14407,MHS2P-DT14-15D1,2019-11,226315
14407,MHS2P-DT14-15D1,2019-12,157030
14407,MHS2P-DT14-15D1,2020-01,226105
14407,MHS2P-DT14-15D1,2020-02,162918
14407,MHS2P-DT14-15D1,2020-03,178832
14407,MHS2P-DT14-20D1,2019-10,248512
14407,MHS2P-DT14-20D1,2019-11,248512
14407,MHS2P-DT14-20D1,2019-12,248512
14407,MHS2P-DT14-20D1,2020-01,248512
14407,MHS2P-DT14-20D1,2020-02,248512
14407,MHS2P-DT14-20D1,2020-03,248512
14407,MHS2P-DT14-25D1,2019-10,45142
14407,MHS2P-DT14-25D1,2019-11,45142
14407,MHS2P-DT14-25D1,2019-12,45142
14407,MHS2P-DT14-25D1,2020-01,45142
14407,MHS2P-DT14-25D1,2020-02,45142
14407,MHS2P-DT14-25D1,2020-03,45142
14407,MHS2P-DT14-30D1,2019-10,29423
14407,MHS2P-DT14-30D1,2019-11,28456
14407,MHS2P-DT14-30D1,2019-12,25768
14407,MHS2P-DT14-30D1,2020-01,28154
14407,MHS2P-DT14-30D1,2020-02,31311
14407,MHS2P-DT14-30D1,2020-03,28354
14407,MHS2P-DT14-35D1,2019-10,67961
14407,MHS2P-DT14-35D1,2019-11,67961
14407,MHS2P-DT14-35D1,2019-12,67961
14407,MHS2P-DT14-35D1,2020-01,67961
14407,MHS2P-DT14-35D1,2020-02,67961
14407,MHS2P-DT14-35D1,2020-03,67961
14407,MHS2P-DT14-40D1,2019-10,20929
14407,MHS2P-DT14-40D1,2019-11,20929
14407,MHS2P-DT14-40D1,2019-12,20929
14407,MHS2P-DT14-40D1,2020-01,20929
14407,MHS2P-DT14-40D1,2020-02,20929
14407,MHS2P-DT14-40D1,2020-03,20929
14407,MHS2P-DT14-50D1,2019-10,8699
14407,MHS2P-DT14-50D1,2019-11,8699
14407,MHS2P-DT14-50D1,2019-12,8699
14407,MHS2P-DT14-50D1,2020-01,8699
14407,MHS2P-DT14-50D1,2020-02,8699
14407,MHS2P-DT14-50D1,2020-03,8699
14407,MHS2P-DT14-60D1,2019-10,31763
14407,MHS2P-DT14-60D1,2019-11,31763
14407,MHS2P-DT14-60D1,2019-12,31763
14407,MHS2P-DT14-60D1,2020-01,31763
14407,MHS2P-DT14-60D1,2020-02,31763
14407,MHS2P-DT14-60D1,2020-03,31763
14407,MHS2P-DT14-70D1,2019-10,2727
14407,MHS2P-DT14-70D1,2019-11,3754
14407,MHS2P-DT14-70D1,2019-12,3954
14407,MHS2P-DT14-70D1,2020-01,2450
14407,MHS2P-DT14-70D1,2020-02,3202
14407,MHS2P-DT14-70D1,2020-03,4206
14420,MHS2P-DT20-15,2019-10,2771
14420,MHS2P-DT20-15,2019-11,300
14420,MHS2P-DT20-15,2019-12,883
14420,MHS2P-DT20-15,2020-01,1083
14420,MHS2P-DT20-15,2020-02,174
14420,MHS2P-DT20-15,2020-03,564
14420,MHS2P-DT20-30D1,2019-10,5657
14420,MHS2P-DT20-30D1,2019-11,6415
14420,MHS2P-DT20-30D1,2019-12,12053
14420,MHS2P-DT20-30D1,2020-01,17949
14420,MHS2P-DT20-30D1,2020-02,14581
14420,MHS2P-DT20-30D1,2020-03,10460
14420,MHS2P-DT20-35D1,2019-10,10133
14420,MHS2P-DT20-35D1,2019-11,10133
14420,MHS2P-DT20-35D1,2019-12,10133
14420,MHS2P-DT20-35D1,2020-01,10133
14420,MHS2P-DT20-35D1,2020-02,10133
14420,MHS2P-DT20-35D1,2020-03,10133
14420,MHS2P-DT20-40,2019-10,2285
14420,MHS2P-DT20-40,2019-11,800
14420,MHS2P-DT20-40,2019-12,855
14420,MHS2P-DT20-40,2020-01,525
14420,MHS2P-DT20-40,2020-02,470
14420,MHS2P-DT20-40,2020-03,195
14420,MHS2P-DT20-40D1,2019-10,1964
14420,MHS2P-DT20-40D1,2019-11,2776
14420,MHS2P-DT20-40D1,2019-12,2319
14420,MHS2P-DT20-40D1,2020-01,3736
14420,MHS2P-DT20-40D1,2020-02,2539
14420,MHS2P-DT20-40D1,2020-03,4403
14420,MHS2P-DT20-45,2019-10,771
14420,MHS2P-DT20-45,2019-11,771
14420,MHS2P-DT20-45,2019-12,771
14420,MHS2P-DT20-45,2020-01,771
14420,MHS2P-DT20-45,2020-02,771
14420,MHS2P-DT20-45,2020-03,771
14420,MHS2P-DT20-45D1,2019-10,12440
14420,MHS2P-DT20-45D1,2019-11,15510
14420,MHS2P-DT20-45D1,2019-12,17357
14420,MHS2P-DT20-45D1,2020-01,10957
14420,MHS2P-DT20-45D1,2020-02,8385
14420,MHS2P-DT20-45D1,2020-03,6890
14420,MHS2P-DT20-55D1,2019-10,3291
14420,MHS2P-DT20-55D1,2019-11,3291
14420,MHS2P-DT20-55D1,2019-12,3291
14420,MHS2P-DT20-55D1,2020-01,3291
14420,MHS2P-DT20-55D1,2020-02,3291
14420,MHS2P-DT20-55D1,2020-03,3291
14420,MHS2P-DT20-62D1,2019-10,1890
14420,MHS2P-DT20-62D1,2019-11,1917
14420,MHS2P-DT20-62D1,2019-12,2548
14420,MHS2P-DT20-62D1,2020-01,1767
14420,MHS2P-DT20-62D1,2020-02,1728
14420,MHS2P-DT20-62D1,2020-03,2896
14430,360H-DT20X225,2019-10,3144
14430,360H-DT20X225,2019-11,3209
14430,360H-DT20X225,2019-12,3209
14430,360H-DT20X225,2020-01,3209
14430,360H-DT20X225,2020-02,3209
14430,360H-DT20X225,2020-03,3209
14431,360NH-R20RX,2019-10,2747
14431,360NH-R20RX,2019-11,2747
14431,360NH-R20RX,2019-12,2747
14431,360NH-R20RX,2020-01,2747
14431,360NH-R20RX,2020-02,2747
14431,360NH-R20RX,2020-03,2747
15201,TABS84MSGK,2019-10,3110
15201,TABS84MSGK,2019-11,2584
15201,TABS84MSGK,2019-12,2783
15201,TABS84MSGK,2020-01,3671
15201,TABS84MSGK,2020-02,1698
15201,TABS84MSGK,2020-03,3703
15300,SBS62MGIC,2019-10,62967
15300,SBS62MGIC,2019-11,258695
15300,SBS62MGIC,2019-12,92548
15300,SBS62MGIC,2020-01,192437
15300,SBS62MGIC,2020-02,126675
15300,SBS62MGIC,2020-03,117994
